--BAI TAP BAT BUOC

CREATE DATABASE QLBH
USE QLBH

--I.1

CREATE TABLE KHACHHANG (
	MAKH CHAR(4) PRIMARY KEY,
	HOTEN VARCHAR(40),
	DCHI VARCHAR(50),
	SODT VARCHAR(20),
	NGSINH SMALLDATETIME,
	NGDK SMALLDATETIME,
	DOANHSO MONEY,
	)

CREATE TABLE NHANVIEN(
	MANV CHAR(4) PRIMARY KEY,
	HOTEN VARCHAR(40),
	SODT VARCHAR(20),
	NGVL SMALLDATETIME,
	)

CREATE TABLE SANPHAM(
	MASP CHAR(4) PRIMARY KEY,
	TENSP VARCHAR(40),
	DVT VARCHAR(20),
	NUOCSX VARCHAR(40),
	GIA MONEY,
	)

CREATE TABLE HOADON(
	SOHD INT PRIMARY KEY,
	NGHD SMALLDATETIME,
	MAKH CHAR(4),
	MANV CHAR(4),
	TRIGIA MONEY,
	)

CREATE TABLE CTHD(
	SOHD INT NOT NULL,
	MASP CHAR(4) NOT NULL,
	SL INT,
	PRIMARY KEY (SOHD, MASP),
	)

ALTER TABLE HOADON
ADD CONSTRAINT FK_HD_KH FOREIGN KEY (MAKH) REFERENCES KHACHHANG (MAKH)

ALTER TABLE HOADON
ADD CONSTRAINT FK_HD_NV FOREIGN KEY (MANV) REFERENCES NHANVIEN (MANV)

ALTER TABLE CTHD
ADD CONSTRAINT FK_CTHD_HD FOREIGN KEY (SOHD) REFERENCES HOADON (SOHD)

ALTER TABLE CTHD
ADD CONSTRAINT FK_CTHD_SP FOREIGN KEY (MASP) REFERENCES SANPHAM (MASP)

--I.2
ALTER TABLE SANPHAM
ADD GHICHU VARCHAR(20)

--I.3
ALTER TABLE KHACHHANG
ADD LOAIKH TINYINT

--I.4
ALTER TABLE SANPHAM
ALTER COLUMN GHICHU VARCHAR(100)

--I.5
ALTER TABLE SANPHAM
DROP COLUMN GHICHU

--I.6
ALTER TABLE KHACHHANG
ALTER COLUMN LOAIKH VARCHAR(40)

--I.7
ALTER TABLE SANPHAM
ADD CONSTRAINT CHECK_DVT CHECK (DVT IN ('cay','hop','cai','quyen','chuc'))

--I.8
ALTER TABLE SANPHAM
ADD CONSTRAINT CHECK_GIA CHECK (GIA >= 500)

--I.9
ALTER TABLE CTHD
ADD CONSTRAINT CHECK_SL CHECK (SL > 0)

--II.1
SET DATEFORMAT DMY

INSERT INTO NHANVIEN (MANV, HOTEN, SODT, NGVL) VALUES ('NV01','Nguyen Nhu Nhut','0927345678','13/4/2006')
INSERT INTO NHANVIEN (MANV, HOTEN, SODT, NGVL) VALUES ('NV02','Le Thi Phi Yen','0987567390','21/4/2006')
INSERT INTO NHANVIEN (MANV, HOTEN, SODT, NGVL) VALUES ('NV03','Nguyen Van B','0997047382','27/4/2006')
INSERT INTO NHANVIEN (MANV, HOTEN, SODT, NGVL) VALUES ('NV04','Ngo Thanh Tuan','0913758498','24/6/2006')
INSERT INTO NHANVIEN (MANV, HOTEN, SODT, NGVL) VALUES ('NV05','Nguyen Thi Truc Thanh','0918590387','20/7/2006')

INSERT INTO KHACHHANG (MAKH, HOTEN, DCHI, SODT, NGSINH, DOANHSO, NGDK) VALUES ('KH01', 'Nguyen Van A', '731 Tran Hung Dao, Q5, TpHCM', '08823451', '22/10/1960', '13,060,000', '22/07/2006')
INSERT INTO KHACHHANG (MAKH, HOTEN, DCHI, SODT, NGSINH, DOANHSO, NGDK) VALUES ('KH02', 'Tran Ngoc Han', '23/5 Nguyen Trai, Q5, TpHCM', '0908256478', '3/4/1974' ,'280,000' ,'30/07/2006')
INSERT INTO KHACHHANG (MAKH, HOTEN, DCHI, SODT, NGSINH, DOANHSO, NGDK) VALUES ('KH03', 'Tran Ngoc Linh', '45 Nguyen Canh Chan, Q1, TpHCM', '0938776266', '12/6/1980' ,'3,860,000' ,'05/08/2006')
INSERT INTO KHACHHANG (MAKH, HOTEN, DCHI, SODT, NGSINH, DOANHSO, NGDK) VALUES ('KH04', 'Tran Minh Long', '50/34 Le Dai Hanh, Q10, TpHCM', '0917325476', '9/3/1965', '250,000', '02/10/2006')
INSERT INTO KHACHHANG (MAKH, HOTEN, DCHI, SODT, NGSINH, DOANHSO, NGDK) VALUES ('KH05', 'Le Nhat Minh', '34 Truong Dinh, Q3, TpHCM', '08246108', '10/3/1950', '21,000', '28/10/2006')
INSERT INTO KHACHHANG (MAKH, HOTEN, DCHI, SODT, NGSINH, DOANHSO, NGDK) VALUES ('KH06', 'Le Hoai Thuong', '227 Nguyen Van Cu, Q5, TpHCM', '08631738', '31/12/1981', '915,000', '24/11/2006')
INSERT INTO KHACHHANG (MAKH, HOTEN, DCHI, SODT, NGSINH, DOANHSO, NGDK) VALUES ('KH07', 'Nguyen Van Tam', '32/3 Tran Binh Trong, Q5, TpHCM', '0916783565', '6/4/1971', '12,500', '01/12/2006')
INSERT INTO KHACHHANG (MAKH, HOTEN, DCHI, SODT, NGSINH, DOANHSO, NGDK) VALUES ('KH08', 'Phan Thi Thanh', '45/2 An Duong Vuong, Q5, TpHCM', '0938435756', '10/1/1971','365,000', '13/12/2006')
INSERT INTO KHACHHANG (MAKH, HOTEN, DCHI, SODT, NGSINH, DOANHSO, NGDK) VALUES ('KH09', 'Le Ha Vinh', '873 Le Hong Phong, Q5, TpHCM', '08654763', '3/9/1979', '70,000', '14/01/2007')
INSERT INTO KHACHHANG (MAKH, HOTEN, DCHI, SODT, NGSINH, DOANHSO, NGDK) VALUES ('KH10', 'Ha Duy Lap', '34/34B Nguyen Trai, Q1, TpHCM', '08768904', '2/5/1983', '67,500' ,'16/01/2007')

INSERT INTO SANPHAM (MASP, TENSP, DVT, NUOCSX, GIA) VALUES ('BC01', 'But chi', 'cay' ,'Singapore','3,000')
INSERT INTO SANPHAM (MASP, TENSP, DVT, NUOCSX, GIA) VALUES ('BC02', 'But chi', 'cay', 'Singapore', '5,000')
INSERT INTO SANPHAM (MASP, TENSP, DVT, NUOCSX, GIA) VALUES ('BC03', 'But chi', 'cay', 'Viet Nam', '3,500')
INSERT INTO SANPHAM (MASP, TENSP, DVT, NUOCSX, GIA) VALUES ('BC04', 'But chi', 'hop', 'Viet Nam', '30,000')
INSERT INTO SANPHAM (MASP, TENSP, DVT, NUOCSX, GIA) VALUES ('BB01', 'But bi', 'cay', 'Viet Nam', '5,000')
INSERT INTO SANPHAM (MASP, TENSP, DVT, NUOCSX, GIA) VALUES ('BB02', 'But bi' ,'cay', 'Trung Quoc', '7,000')
INSERT INTO SANPHAM (MASP, TENSP, DVT, NUOCSX, GIA) VALUES ('BB03', 'But bi', 'hop', 'Thai Lan', '100,000')
INSERT INTO SANPHAM (MASP, TENSP, DVT, NUOCSX, GIA) VALUES ('TV01', 'Tap 100 giay mong', 'quyen', 'Trung Quoc', '2,500')
INSERT INTO SANPHAM (MASP, TENSP, DVT, NUOCSX, GIA) VALUES ('TV02', 'Tap 200 giay mong', 'quyen', 'Trung Quoc', '4,500')
INSERT INTO SANPHAM (MASP, TENSP, DVT, NUOCSX, GIA) VALUES ('TV03', 'Tap 100 giay tot', 'quyen', 'Viet Nam', '3,000')
INSERT INTO SANPHAM (MASP, TENSP, DVT, NUOCSX, GIA) VALUES ('TV04', 'Tap 200 giay tot', 'quyen', 'Viet Nam', '5,500')
INSERT INTO SANPHAM (MASP, TENSP, DVT, NUOCSX, GIA) VALUES ('TV05', 'Tap 100 trang', 'chuc', 'Viet Nam', '23,000')
INSERT INTO SANPHAM (MASP, TENSP, DVT, NUOCSX, GIA) VALUES ('TV06', 'Tap 200 trang', 'chuc', 'Viet Nam', '53,000')
INSERT INTO SANPHAM (MASP, TENSP, DVT, NUOCSX, GIA) VALUES ('TV07', 'Tap 100 trang', 'chuc', 'Trung Quoc', '34,000')
INSERT INTO SANPHAM (MASP, TENSP, DVT, NUOCSX, GIA) VALUES ('ST01', 'So tay 500 trang', 'quyen', 'Trung Quoc', '40,000')
INSERT INTO SANPHAM (MASP, TENSP, DVT, NUOCSX, GIA) VALUES ('ST02','So tay loai 1', 'quyen', 'Viet Nam', '55,000')
INSERT INTO SANPHAM (MASP, TENSP, DVT, NUOCSX, GIA) VALUES ('ST03', 'So tay loai 2', 'quyen', 'Viet Nam', '51,000')
INSERT INTO SANPHAM (MASP, TENSP, DVT, NUOCSX, GIA) VALUES ('ST04', 'So tay', 'quyen', 'Thai Lan', '55,000')
INSERT INTO SANPHAM (MASP, TENSP, DVT, NUOCSX, GIA) VALUES ('ST05','So tay mong', 'quyen', 'Thai Lan', '20,000')
INSERT INTO SANPHAM (MASP, TENSP, DVT, NUOCSX, GIA) VALUES ('ST06', 'Phan viet bang', 'hop', 'Viet Nam', '5,000')
INSERT INTO SANPHAM (MASP, TENSP, DVT, NUOCSX, GIA) VALUES ('ST07', 'Phan khong bui','hop', 'Viet Nam', '7,000')
INSERT INTO SANPHAM (MASP, TENSP, DVT, NUOCSX, GIA) VALUES ('ST08', 'Bong bang', 'cai', 'Viet Nam', '1,000')
INSERT INTO SANPHAM (MASP, TENSP, DVT, NUOCSX, GIA) VALUES ('ST09', 'But long', 'cay', 'Viet Nam', '5,000')
INSERT INTO SANPHAM (MASP, TENSP, DVT, NUOCSX, GIA) VALUES ('ST10', 'But long','cay', 'Trung Quoc','7,000')

INSERT INTO HOADON (SOHD, NGHD, MAKH, MANV, TRIGIA) VALUES ('1001', '23/07/2006', 'KH01', 'NV01', '320,000')
INSERT INTO HOADON (SOHD, NGHD, MAKH, MANV, TRIGIA) VALUES ('1002', '12/08/2006', 'KH01', 'NV02', '840,000')
INSERT INTO HOADON (SOHD, NGHD, MAKH, MANV, TRIGIA) VALUES ('1003', '23/08/2006', 'KH02', 'NV01', '100,000')
INSERT INTO HOADON (SOHD, NGHD, MAKH, MANV, TRIGIA) VALUES ('1004', '01/09/2006', 'KH02', 'NV01', '180,000')
INSERT INTO HOADON (SOHD, NGHD, MAKH, MANV, TRIGIA) VALUES ('1005', '20/10/2006', 'KH01', 'NV02', '3,800,000')
INSERT INTO HOADON (SOHD, NGHD, MAKH, MANV, TRIGIA) VALUES ('1006', '16/10/2006', 'KH01', 'NV03', '2,430,000')
INSERT INTO HOADON (SOHD, NGHD, MAKH, MANV, TRIGIA) VALUES ('1007', '28/10/2006', 'KH03', 'NV03', '510,000')
INSERT INTO HOADON (SOHD, NGHD, MAKH, MANV, TRIGIA) VALUES ('1008', '28/10/2006', 'KH01', 'NV03', '440,000')
INSERT INTO HOADON (SOHD, NGHD, MAKH, MANV, TRIGIA) VALUES ('1009', '28/10/2006', 'KH03', 'NV04', '200,000')
INSERT INTO HOADON (SOHD, NGHD, MAKH, MANV, TRIGIA) VALUES ('1010', '01/11/2006', 'KH01', 'NV01', '5,200,000')
INSERT INTO HOADON (SOHD, NGHD, MAKH, MANV, TRIGIA) VALUES ('1011', '04/11/2006', 'KH04', 'NV03', '250,000')
INSERT INTO HOADON (SOHD, NGHD, MAKH, MANV, TRIGIA) VALUES ('1012', '30/11/2006', 'KH05', 'NV03', '21,000')
INSERT INTO HOADON (SOHD, NGHD, MAKH, MANV, TRIGIA) VALUES ('1013', '12/12/2006', 'KH06', 'NV01', '5,000')
INSERT INTO HOADON (SOHD, NGHD, MAKH, MANV, TRIGIA) VALUES ('1014', '31/12/2006', 'KH03', 'NV02', '3,150,000')
INSERT INTO HOADON (SOHD, NGHD, MAKH, MANV, TRIGIA) VALUES ('1015', '01/01/2007', 'KH06', 'NV01', '910,000')
INSERT INTO HOADON (SOHD, NGHD, MAKH, MANV, TRIGIA) VALUES ('1016', '01/01/2007', 'KH07', 'NV02', '12,500')
INSERT INTO HOADON (SOHD, NGHD, MAKH, MANV, TRIGIA) VALUES ('1017', '02/01/2007', 'KH08', 'NV03', '35,000')
INSERT INTO HOADON (SOHD, NGHD, MAKH, MANV, TRIGIA) VALUES ('1018', '13/01/2007', 'KH08', 'NV03', '330,000')
INSERT INTO HOADON (SOHD, NGHD, MAKH, MANV, TRIGIA) VALUES ('1019', '13/01/2007', 'KH01', 'NV03', '30,000')
INSERT INTO HOADON (SOHD, NGHD, MAKH, MANV, TRIGIA) VALUES ('1020', '14/01/2007', 'KH09', 'NV04', '70,000')
INSERT INTO HOADON (SOHD, NGHD, MAKH, MANV, TRIGIA) VALUES ('1021', '16/01/2007', 'KH10', 'NV03', '67,500')
INSERT INTO HOADON (SOHD, NGHD, MAKH, MANV, TRIGIA) VALUES ('1022', '16/01/2007' ,NULL, 'NV03' ,'7,000')
INSERT INTO HOADON (SOHD, NGHD, MAKH, MANV, TRIGIA) VALUES ('1023', '17/01/2007', Null, 'NV01', '330,000')

INSERT INTO CTHD (SOHD, MASP, SL) VALUES ('1001', 'TV02', '10')
INSERT INTO CTHD (SOHD, MASP, SL) VALUES ('1001', 'ST01', '5')
INSERT INTO CTHD (SOHD, MASP, SL) VALUES ('1001', 'BC01', '5')
INSERT INTO CTHD (SOHD, MASP, SL) VALUES ('1001', 'BC02', '10')
INSERT INTO CTHD (SOHD, MASP, SL) VALUES ('1001', 'ST08', '10')
INSERT INTO CTHD (SOHD, MASP, SL) VALUES ('1002', 'BC04', '20')
INSERT INTO CTHD (SOHD, MASP, SL) VALUES ('1002', 'BB01', '20')
INSERT INTO CTHD (SOHD, MASP, SL) VALUES ('1002', 'BB02', '20')
INSERT INTO CTHD (SOHD, MASP, SL) VALUES ('1003', 'BB03', '10')
INSERT INTO CTHD (SOHD, MASP, SL) VALUES ('1004', 'TV01', '20')
INSERT INTO CTHD (SOHD, MASP, SL) VALUES ('1004', 'TV02', '10')
INSERT INTO CTHD (SOHD, MASP, SL) VALUES ('1004', 'TV03', '10')
INSERT INTO CTHD (SOHD, MASP, SL) VALUES ('1004', 'TV04', '10')
INSERT INTO CTHD (SOHD, MASP, SL) VALUES ('1005', 'TV05', '50')
INSERT INTO CTHD (SOHD, MASP, SL) VALUES ('1005', 'TV06', '50')
INSERT INTO CTHD (SOHD, MASP, SL) VALUES ('1006', 'TV07', '20')
INSERT INTO CTHD (SOHD, MASP, SL) VALUES ('1006', 'ST01', '30')
INSERT INTO CTHD (SOHD, MASP, SL) VALUES ('1006', 'ST02', '10')
INSERT INTO CTHD (SOHD, MASP, SL) VALUES ('1007', 'ST03', '10')
INSERT INTO CTHD (SOHD, MASP, SL) VALUES ('1008', 'ST04', '8')
INSERT INTO CTHD (SOHD, MASP, SL) VALUES ('1009', 'ST05', '10')
INSERT INTO CTHD (SOHD, MASP, SL) VALUES ('1010', 'TV07', '50')
INSERT INTO CTHD (SOHD, MASP, SL) VALUES ('1010', 'ST07', '50')
INSERT INTO CTHD (SOHD, MASP, SL) VALUES ('1010', 'ST08', '100')
INSERT INTO CTHD (SOHD, MASP, SL) VALUES ('1010', 'ST04', '50')
INSERT INTO CTHD (SOHD, MASP, SL) VALUES ('1010', 'TV03', '100')
INSERT INTO CTHD (SOHD, MASP, SL) VALUES ('1011', 'ST06', '50')
INSERT INTO CTHD (SOHD, MASP, SL) VALUES ('1012', 'ST07', '3')
INSERT INTO CTHD (SOHD, MASP, SL) VALUES ('1013', 'ST08', '5')
INSERT INTO CTHD (SOHD, MASP, SL) VALUES ('1014', 'BC02', '80')
INSERT INTO CTHD (SOHD, MASP, SL) VALUES ('1014', 'BB02', '100')
INSERT INTO CTHD (SOHD, MASP, SL) VALUES ('1014', 'BC04', '60')
INSERT INTO CTHD (SOHD, MASP, SL) VALUES ('1014', 'BB01', '50')
INSERT INTO CTHD (SOHD, MASP, SL) VALUES ('1015', 'BB02', '30')
INSERT INTO CTHD (SOHD, MASP, SL) VALUES ('1015', 'BB03', '7')
INSERT INTO CTHD (SOHD, MASP, SL) VALUES ('1016', 'TV01', '5')
INSERT INTO CTHD (SOHD, MASP, SL) VALUES ('1017', 'TV02', '1')
INSERT INTO CTHD (SOHD, MASP, SL) VALUES ('1017', 'TV03', '1')
INSERT INTO CTHD (SOHD, MASP, SL) VALUES ('1017', 'TV04', '5')
INSERT INTO CTHD (SOHD, MASP, SL) VALUES ('1018', 'ST04', '6')
INSERT INTO CTHD (SOHD, MASP, SL) VALUES ('1019', 'ST05', '1')
INSERT INTO CTHD (SOHD, MASP, SL) VALUES ('1019', 'ST06', '2')
INSERT INTO CTHD (SOHD, MASP, SL) VALUES ('1020', 'ST07', '10')
INSERT INTO CTHD (SOHD, MASP, SL) VALUES ('1021', 'ST08', '5')
INSERT INTO CTHD (SOHD, MASP, SL) VALUES ('1021', 'TV01', '7')
INSERT INTO CTHD (SOHD, MASP, SL) VALUES ('1021', 'TV02', '10')
INSERT INTO CTHD (SOHD, MASP, SL) VALUES ('1022', 'ST07', '1')
INSERT INTO CTHD (SOHD, MASP, SL) VALUES ('1023', 'ST04', '6')

--BAI TAP LAM THEM

CREATE TABLE KHOA(
	MAKHOA VARCHAR(4),
	TENKHOA VARCHAR(40),
	NGTLAP SMALLDATETIME,
	TRGKHOA CHAR(4),
	PRIMARY KEY (MAKHOA) 
)

CREATE TABLE MONHOC(
	MAMH VARCHAR(10),
	TENMH VARCHAR(40),
	TCLT TINYINT,
	TCTH TINYINT,
	MAKHOA VARCHAR(4)
	PRIMARY KEY (MAMH)
)

CREATE TABLE DIEUKIEN(
	MAMH VARCHAR(10),
	MAMH_TRUOC VARCHAR(10),
	PRIMARY KEY (MAMH, MAMH_TRUOC)
)

CREATE TABLE GIAOVIEN(
	MAGV CHAR(4),
	HOTEN VARCHAR(40),
	HOCVI VARCHAR(10),
	HOCHAM VARCHAR(10),
	GIOITINH VARCHAR(3),
	NGSINH SMALLDATETIME,
	NGVL SMALLDATETIME,
	HESO NUMERIC(4,2),
	MUCLUONG MONEY,
	MAKHOA VARCHAR(4),
	PRIMARY KEY (MAGV)
)

CREATE TABLE LOP(
	MALOP CHAR(3),
	TENLOP VARCHAR(40),
	TRGLOP CHAR(5),
	SISO TINYINT,
	MAGVCN CHAR(4),
	PRIMARY KEY (MALOP)
)

CREATE TABLE HOCVIEN(
	MAHV CHAR(5),
	HO VARCHAR(40),
	TEN VARCHAR(10),
	NGSINH SMALLDATETIME,
	GIOITINH VARCHAR(3),
	NOISINH VARCHAR(40),
	MALOP CHAR(3),
	PRIMARY KEY (MAHV)
)

CREATE TABLE GIANGDAY(
	MALOP CHAR(3),
	MAMH VARCHAR(10),
	MAGV CHAR(4),
	HOCKY TINYINT,
	NAM SMALLINT,
	TUNGAY SMALLDATETIME,
	DENNGAY SMALLDATETIME,
	PRIMARY KEY (MALOP, MAMH)
)

CREATE TABLE KETQUATHI(
	MAHV CHAR(5),
	MAMH VARCHAR(10),
	LANTHI TINYINT,
	NGTHI SMALLDATETIME,
	DIEM NUMERIC(4,2),
	KQUA VARCHAR(10),
	PRIMARY KEY(MAHV, MAMH, LANTHI)
)

ALTER TABLE HOCVIEN
ADD CONSTRAINT FK_HOCVIEN_LOP FOREIGN KEY (MALOP) REFERENCES LOP(MALOP)

ALTER TABLE LOP
ADD CONSTRAINT FK_LOP_TRUONGLOP FOREIGN KEY (TRGLOP) REFERENCES HOCVIEN(MAHV)

ALTER TABLE LOP
ADD CONSTRAINT FK_LOP_GVCN FOREIGN KEY(MAGVCN) REFERENCES GIAOVIEN(MAGV)

ALTER TABLE KHOA
ADD CONSTRAINT FK_KHOA_TRGKHOA FOREIGN KEY(TRGKHOA) REFERENCES GIAOVIEN(MAGV)

ALTER TABLE MONHOC
ADD CONSTRAINT FK_MONHOC_KHOA FOREIGN KEY (MAKHOA) REFERENCES KHOA(MAKHOA)

ALTER TABLE DIEUKIEN
ADD CONSTRAINT FK_DIEUKIEN_MONHOC FOREIGN KEY (MAMH) REFERENCES MONHOC(MAMH)

ALTER TABLE DIEUKIEN
ADD CONSTRAINT FK_DIEUKIEN_MONHOCTRUOC FOREIGN KEY (MAMH_TRUOC) REFERENCES MONHOC(MAMH)

ALTER TABLE GIAOVIEN
ADD CONSTRAINT FK_GIAOVIEN_KHOA FOREIGN KEY (MAKHOA) REFERENCES KHOA(MAKHOA)

ALTER TABLE GIANGDAY
ADD CONSTRAINT FK_GIANGDAY_LOP FOREIGN KEY (MALOP) REFERENCES LOP(MALOP)

ALTER TABLE GIANGDAY
ADD CONSTRAINT FK_GIANGDAY_MON FOREIGN KEY (MAMH) REFERENCES MONHOC(MAMH)

ALTER TABLE KETQUATHI
ADD CONSTRAINT FK_KETQUATHI_HOCVIEN FOREIGN KEY (MAHV) REFERENCES HOCVIEN(MAHV)

ALTER TABLE KETQUATHI
ADD CONSTRAINT FK_KETQUATHI_MONHOC FOREIGN KEY (MAMH) REFERENCES MONHOC(MAMH)

ALTER TABLE HOCVIEN
ADD GHICHU VARCHAR(50) 

ALTER TABLE HOCVIEN
ADD DIEMTB NUMERIC(4,2)

ALTER TABLE HOCVIEN
ADD XEPLOAI VARCHAR(10)

SET DATEFORMAT DMY
INSERT INTO KHOA (MAKHOA, TENKHOA, NGTLAP) VALUES ('KHMT', 'Khoa Hoc May Tinh', '7/6/2005')
INSERT INTO KHOA (MAKHOA, TENKHOA, NGTLAP) VALUES ('HTTT', 'He thong thong tin', '7/6/2005')
INSERT INTO KHOA (MAKHOA, TENKHOA, NGTLAP) VALUES ('CNPM', 'Cong nghe phan mem', '7/6/2005')
INSERT INTO KHOA (MAKHOA, TENKHOA, NGTLAP) VALUES ('MTT', 'Mang va truyen thong', '7/6/2005')
INSERT INTO KHOA (MAKHOA, TENKHOA, NGTLAP) VALUES ('KTMT', 'Ky thuat may tinh', '7/6/2005')

INSERT INTO GIAOVIEN (MAGV, HOTEN, HOCVI, HOCHAM, GIOITINH, NGSINH, NGVL, HESO, MUCLUONG, MAKHOA) VALUES ('GV01', 'Ho Thanh Son', 'PTS', 'GS', 'Nam', '2/5/1950', '1/11/2004', 5.00, 2250000, 'KHMT')
INSERT INTO GIAOVIEN (MAGV, HOTEN, HOCVI, HOCHAM, GIOITINH, NGSINH, NGVL, HESO, MUCLUONG, MAKHOA) VALUES ('GV02', 'Tran Tam Thanh', 'TS', 'PGS', 'Nam', '17/12/1965', '20/4/2004', 4.50, 2025000, 'HTTT')
INSERT INTO GIAOVIEN (MAGV, HOTEN, HOCVI, HOCHAM, GIOITINH, NGSINH, NGVL, HESO, MUCLUONG, MAKHOA) VALUES ('GV03', 'Do Nghiem Phung', 'TS', 'GS', 'Nu', '1/8/1950', '23/9/2004', 4.00, 1800000, 'CNPM')
INSERT INTO GIAOVIEN (MAGV, HOTEN, HOCVI, HOCHAM, GIOITINH, NGSINH, NGVL, HESO, MUCLUONG, MAKHOA) VALUES ('GV04', 'Tran Nam Son', 'TS', 'PGS', 'Nam', '22/2/1961', '12/1/2005', 4.50, 2025000, 'KTMT')
INSERT INTO GIAOVIEN (MAGV, HOTEN, HOCVI, HOCHAM, GIOITINH, NGSINH, NGVL, HESO, MUCLUONG, MAKHOA) VALUES ('GV05', 'Mai Thanh Danh', 'ThS', 'GV', 'Nam', '12/3/1958', '12/1/2005', 3.00, 1350000, 'HTTT')
INSERT INTO GIAOVIEN (MAGV, HOTEN, HOCVI, HOCHAM, GIOITINH, NGSINH, NGVL, HESO, MUCLUONG, MAKHOA) VALUES ('GV06', 'Tran Doan Hung', 'TS', 'GV', 'Nam', '11/3/1953', '12/1/2005', 4.50, 2025000, 'KHMT')
INSERT INTO GIAOVIEN (MAGV, HOTEN, HOCVI, HOCHAM, GIOITINH, NGSINH, NGVL, HESO, MUCLUONG, MAKHOA) VALUES ('GV07', 'Nguyen Minh Tien', 'ThS', 'GV', 'Nam', '23/11/1971', '1/3/2005', 4.00, 1800000, 'KHMT')
INSERT INTO GIAOVIEN (MAGV, HOTEN, HOCVI, HOCHAM, GIOITINH, NGSINH, NGVL, HESO, MUCLUONG, MAKHOA) VALUES ('GV08', 'Le Thi Tran', 'KS', Null, 'Nu', '26/3/1974', '1/3/2005', 1.69, 760500, 'KHMT')
INSERT INTO GIAOVIEN (MAGV, HOTEN, HOCVI, HOCHAM, GIOITINH, NGSINH, NGVL, HESO, MUCLUONG, MAKHOA) VALUES ('GV09', 'Nguyen To Lan', 'ThS', 'GV', 'Nu', '31/12/1966', '1/3/2005', 4.00, 1800000, 'HTTT')
INSERT INTO GIAOVIEN (MAGV, HOTEN, HOCVI, HOCHAM, GIOITINH, NGSINH, NGVL, HESO, MUCLUONG, MAKHOA) VALUES ('GV10', 'Le Tran Anh Loan', 'KS', Null, 'Nu', '17/7/1972', '1/3/2005', 1.86, 837000, 'CNPM')
INSERT INTO GIAOVIEN (MAGV, HOTEN, HOCVI, HOCHAM, GIOITINH, NGSINH, NGVL, HESO, MUCLUONG, MAKHOA) VALUES ('GV11', 'Ho Thanh Tung', 'CN', 'GV', 'Nam', '12/1/1980', '15/5/2005', 2.67, 1201500, 'MTT')
INSERT INTO GIAOVIEN (MAGV, HOTEN, HOCVI, HOCHAM, GIOITINH, NGSINH, NGVL, HESO, MUCLUONG, MAKHOA) VALUES ('GV12', 'Tran Van Anh', 'CN', Null, 'Nu', '29/3/1981', '15/5/2005', 1.69, 760500, 'CNPM')
INSERT INTO GIAOVIEN (MAGV, HOTEN, HOCVI, HOCHAM, GIOITINH, NGSINH, NGVL, HESO, MUCLUONG, MAKHOA) VALUES ('GV13', 'Nguyen Linh Dan', 'CN', Null, 'Nu', '23/5/1980', '15/5/2005', 1.69, 760500, 'KTMT')
INSERT INTO GIAOVIEN (MAGV, HOTEN, HOCVI, HOCHAM, GIOITINH, NGSINH, NGVL, HESO, MUCLUONG, MAKHOA) VALUES ('GV14', 'Truong Minh Chau', 'ThS', 'GV', 'Nu', '30/11/1976', '15/5/2005', 3.00, 1350000, 'MTT')
INSERT INTO GIAOVIEN (MAGV, HOTEN, HOCVI, HOCHAM, GIOITINH, NGSINH, NGVL, HESO, MUCLUONG, MAKHOA) VALUES ('GV15', 'Le Ha Thanh', 'ThS', 'GV', 'Nam', '4/5/1978', '15/5/2005', 3.00, 1350000, 'KHMT')

UPDATE KHOA SET TRGKHOA = 'GV01' WHERE MAKHOA = 'KHMT'
UPDATE KHOA SET TRGKHOA = 'GV02' WHERE MAKHOA = 'HTTT'
UPDATE KHOA SET TRGKHOA = 'GV04' WHERE MAKHOA = 'CNPM'
UPDATE KHOA SET TRGKHOA = 'GV03' WHERE MAKHOA = 'MTT'

INSERT INTO LOP (MALOP, TENLOP, SISO, MAGVCN) VALUES ('K11', 'Lop 1 khoa 1', 11, 'GV07')
INSERT INTO LOP (MALOP, TENLOP, SISO, MAGVCN) VALUES ('K12', 'Lop 2 khoa 1', 12, 'GV09')
INSERT INTO LOP (MALOP, TENLOP, SISO, MAGVCN) VALUES ('K13', 'Lop 3 khoa 1', 12, 'GV14')

INSERT INTO MONHOC (MAMH, TENMH, TCLT, TCTH, MAKHOA) VALUES ('THDC', 'Tin hoc dai cuong', 4, 1, 'KHMT')
INSERT INTO MONHOC (MAMH, TENMH, TCLT, TCTH, MAKHOA) VALUES ('CTRR', 'Cau truc roi rac', 5, 0, 'KHMT')
INSERT INTO MONHOC (MAMH, TENMH, TCLT, TCTH, MAKHOA) VALUES ('CSDL', 'Co so du lieu', 3, 1, 'HTTT')
INSERT INTO MONHOC (MAMH, TENMH, TCLT, TCTH, MAKHOA) VALUES ('CTDLGT', 'Cau truc du lieu va giai thuat', 3, 1, 'KHMT')
INSERT INTO MONHOC (MAMH, TENMH, TCLT, TCTH, MAKHOA) VALUES ('PTTKTT', 'Phan tich thiet ke thuat toan', 3, 0, 'KHMT')
INSERT INTO MONHOC (MAMH, TENMH, TCLT, TCTH, MAKHOA) VALUES ('DHMT', 'Do hoa may tinh', 3, 1, 'KHMT')
INSERT INTO MONHOC (MAMH, TENMH, TCLT, TCTH, MAKHOA) VALUES ('KTMT', 'Kien truc may tinh', 3, 1, 'KTMT')
INSERT INTO MONHOC (MAMH, TENMH, TCLT, TCTH, MAKHOA) VALUES ('TKCSDL', 'Thiet ke co so du lieu', 3, 0, 'HTTT')
INSERT INTO MONHOC (MAMH, TENMH, TCLT, TCTH, MAKHOA) VALUES ('PTTKHTTT', 'Phan tich thiet ke he thong thong tin', 4, 1, 'HTTT')
INSERT INTO MONHOC (MAMH, TENMH, TCLT, TCTH, MAKHOA) VALUES ('HDH', 'He dieu hanh', 4, 0, 'KTMT')
INSERT INTO MONHOC (MAMH, TENMH, TCLT, TCTH, MAKHOA) VALUES ('NMCNPM', 'Nhap mon cong nghe phan mem', 3, 0, 'CNPM')
INSERT INTO MONHOC (MAMH, TENMH, TCLT, TCTH, MAKHOA) VALUES ('LTCFW', 'Lap trinh C for win', 3, 1, 'CNPM')
INSERT INTO MONHOC (MAMH, TENMH, TCLT, TCTH, MAKHOA) VALUES ('LTHDT', 'Lap trinh huong doi tuong', 3, 1, 'CNPM')

SET DATEFORMAT DMY

INSERT INTO HOCVIEN (MAHV, HO, TEN, NGSINH, GIOITINH, NOISINH, MALOP) VALUES ('K1101', 'Nguyen Van', 'A', '27/1/1986', 'Nam','TpHCM', 'K11')
INSERT INTO HOCVIEN (MAHV, HO, TEN, NGSINH, GIOITINH, NOISINH, MALOP) VALUES ('K1102', 'Tran Ngoc', 'Han', '14/3/1986', 'Nu','Kien Giang', 'K11')
INSERT INTO HOCVIEN (MAHV, HO, TEN, NGSINH, GIOITINH, NOISINH, MALOP) VALUES ('K1103', 'Ha Duy', 'Lap', '18/4/1986', 'Nam','Nghe An', 'K11')
INSERT INTO HOCVIEN (MAHV, HO, TEN, NGSINH, GIOITINH, NOISINH, MALOP) VALUES ('K1104', 'Tran Ngoc', 'Linh', '30/3/1986', 'Nu','Tay Ninh', 'K11')
INSERT INTO HOCVIEN (MAHV, HO, TEN, NGSINH, GIOITINH, NOISINH, MALOP) VALUES ('K1105', 'Tran Minh', 'Long', '27/2/1986', 'Nam','TpHCM', 'K11')
INSERT INTO HOCVIEN (MAHV, HO, TEN, NGSINH, GIOITINH, NOISINH, MALOP) VALUES ('K1106', 'Le Nhat', 'Minh', '24/1/1986', 'Nam','TpHCM', 'K11')
INSERT INTO HOCVIEN (MAHV, HO, TEN, NGSINH, GIOITINH, NOISINH, MALOP) VALUES ('K1107', 'Nguyen Nhu', 'Nhut', '27/1/1986', 'Nam','Ha Noi', 'K11')
INSERT INTO HOCVIEN (MAHV, HO, TEN, NGSINH, GIOITINH, NOISINH, MALOP) VALUES ('K1108', 'Nguyen Manh', 'Tam', '27/2/1986', 'Nam','Kien Giang', 'K11')
INSERT INTO HOCVIEN (MAHV, HO, TEN, NGSINH, GIOITINH, NOISINH, MALOP) VALUES ('K1109', 'Phan Thi Thanh', 'Tam', '27/1/1986', 'Nu','Vinh Long', 'K11')
INSERT INTO HOCVIEN (MAHV, HO, TEN, NGSINH, GIOITINH, NOISINH, MALOP) VALUES ('K1110', 'Le Hoai', 'Thuong', '5/2/1986', 'Nu','Can Tho', 'K11')
INSERT INTO HOCVIEN (MAHV, HO, TEN, NGSINH, GIOITINH, NOISINH, MALOP) VALUES ('K1111', 'Le Ha', 'Vinh', '25/12/1986', 'Nam','Vinh Long', 'K11')
INSERT INTO HOCVIEN (MAHV, HO, TEN, NGSINH, GIOITINH, NOISINH, MALOP) VALUES ('K1201', 'Nguyen Van', 'B', '11/2/1986', 'Nam','TpHCM', 'K12')
INSERT INTO HOCVIEN (MAHV, HO, TEN, NGSINH, GIOITINH, NOISINH, MALOP) VALUES ('K1202', 'Nguyen Thi Kim', 'Duyen', '18/11/1986', 'Nu','TpHCM', 'K12')
INSERT INTO HOCVIEN (MAHV, HO, TEN, NGSINH, GIOITINH, NOISINH, MALOP) VALUES ('K1203', 'Tran Thi Kim', 'Duyen', '17/9/1986', 'Nu','TpHCM', 'K12')
INSERT INTO HOCVIEN (MAHV, HO, TEN, NGSINH, GIOITINH, NOISINH, MALOP) VALUES ('K1204', 'Truong My', 'Hanh', '19/5/1986', 'Nu','Dong Nai', 'K12')
INSERT INTO HOCVIEN (MAHV, HO, TEN, NGSINH, GIOITINH, NOISINH, MALOP) VALUES ('K1205', 'Nguyen Thanh', 'Nam', '17/4/1986', 'Nam','TpHCM', 'K12')
INSERT INTO HOCVIEN (MAHV, HO, TEN, NGSINH, GIOITINH, NOISINH, MALOP) VALUES ('K1206', 'Nguyen Thi Truc', 'Thanh', '4/3/1986', 'Nu','Kien Giang', 'K12')
INSERT INTO HOCVIEN (MAHV, HO, TEN, NGSINH, GIOITINH, NOISINH, MALOP) VALUES ('K1207', 'Tran Thi Bich', 'Thuy', '8/2/1986', 'Nu','Nghe An', 'K12')
INSERT INTO HOCVIEN (MAHV, HO, TEN, NGSINH, GIOITINH, NOISINH, MALOP) VALUES ('K1208', 'Huynh Thi Kim', 'Trieu', '8/4/1986', 'Nu','Tay Ninh', 'K12')
INSERT INTO HOCVIEN (MAHV, HO, TEN, NGSINH, GIOITINH, NOISINH, MALOP) VALUES ('K1209', 'Pham Thanh', 'Trieu', '23/2/1986', 'Nam','TpHCM', 'K12')
INSERT INTO HOCVIEN (MAHV, HO, TEN, NGSINH, GIOITINH, NOISINH, MALOP) VALUES ('K1210', 'Ngo Thanh', 'Tuan', '14/2/1986', 'Nam','TpHCM', 'K12')
INSERT INTO HOCVIEN (MAHV, HO, TEN, NGSINH, GIOITINH, NOISINH, MALOP) VALUES ('K1211', 'Do Thi', 'Xuan', '9/3/1986', 'Nu','Ha Noi', 'K12')
INSERT INTO HOCVIEN (MAHV, HO, TEN, NGSINH, GIOITINH, NOISINH, MALOP) VALUES ('K1212', 'Le Thi Phi', 'Yen', '12/3/1986', 'Nu','TpHCM', 'K12')
INSERT INTO HOCVIEN (MAHV, HO, TEN, NGSINH, GIOITINH, NOISINH, MALOP) VALUES ('K1301', 'Nguyen Thi Kim', 'Cuc', '9/6/1986', 'Nu','Kien Giang', 'K13')
INSERT INTO HOCVIEN (MAHV, HO, TEN, NGSINH, GIOITINH, NOISINH, MALOP) VALUES ('K1302', 'Truong Thi My', 'Hien', '18/3/1986', 'Nu','Nghe An', 'K13')
INSERT INTO HOCVIEN (MAHV, HO, TEN, NGSINH, GIOITINH, NOISINH, MALOP) VALUES ('K1303', 'Le Duc', 'Hien', '21/3/1986', 'Nam','Tay Ninh', 'K13')
INSERT INTO HOCVIEN (MAHV, HO, TEN, NGSINH, GIOITINH, NOISINH, MALOP) VALUES ('K1304', 'Le Quang', 'Hien', '18/4/1986', 'Nam','TpHCM', 'K13')
INSERT INTO HOCVIEN (MAHV, HO, TEN, NGSINH, GIOITINH, NOISINH, MALOP) VALUES ('K1305', 'Le Thi', 'Huong', '27/3/1986', 'Nu','TpHCM', 'K13')
INSERT INTO HOCVIEN (MAHV, HO, TEN, NGSINH, GIOITINH, NOISINH, MALOP) VALUES ('K1306', 'Nguyen Thai', 'Huu', '30/3/1986', 'Nam','Ha Noi', 'K13')
INSERT INTO HOCVIEN (MAHV, HO, TEN, NGSINH, GIOITINH, NOISINH, MALOP) VALUES ('K1307', 'Tran Minh', 'Man', '28/5/1986', 'Nam','TpHCM', 'K13')
INSERT INTO HOCVIEN (MAHV, HO, TEN, NGSINH, GIOITINH, NOISINH, MALOP) VALUES ('K1308', 'Nguyen Hieu', 'Nghia', '8/4/1986', 'Nam','Kien Giang', 'K13')
INSERT INTO HOCVIEN (MAHV, HO, TEN, NGSINH, GIOITINH, NOISINH, MALOP) VALUES ('K1309', 'Nguyen Trung', 'Nghia', '18/1/1987', 'Nam','Nghe An', 'K13')
INSERT INTO HOCVIEN (MAHV, HO, TEN, NGSINH, GIOITINH, NOISINH, MALOP) VALUES ('K1310', 'Tran Thi Hong', 'Than', '22/4/1986', 'Nu','Tay Ninh', 'K13')
INSERT INTO HOCVIEN (MAHV, HO, TEN, NGSINH, GIOITINH, NOISINH, MALOP) VALUES ('K1311', 'Tran Minh', 'Thuc', '4/4/1986', 'Nam','TpHCM', 'K13')
INSERT INTO HOCVIEN (MAHV, HO, TEN, NGSINH, GIOITINH, NOISINH, MALOP) VALUES ('K1312', 'Nguyen Thi Kim', 'Yen', '7/9/1986', 'Nu','TpHCM', 'K13')

UPDATE LOP SET TRGLOP = 'K1108' WHERE MALOP = 'K11'
UPDATE LOP SET TRGLOP = 'K1205' WHERE MALOP = 'K12'
UPDATE LOP SET TRGLOP = 'K1305' WHERE MALOP = 'K13'

INSERT INTO DIEUKIEN (MAMH, MAMH_TRUOC) VALUES ('CSDL', 'CTRR')
INSERT INTO DIEUKIEN (MAMH, MAMH_TRUOC) VALUES ('CSDL', 'CTDLGT')
INSERT INTO DIEUKIEN (MAMH, MAMH_TRUOC) VALUES ('CTDLGT', 'THDC')
INSERT INTO DIEUKIEN (MAMH, MAMH_TRUOC) VALUES ('PTTKTT', 'THDC')
INSERT INTO DIEUKIEN (MAMH, MAMH_TRUOC) VALUES ('PTTKTT', 'CTDLGT')
INSERT INTO DIEUKIEN (MAMH, MAMH_TRUOC) VALUES ('DHMT', 'THDC')
INSERT INTO DIEUKIEN (MAMH, MAMH_TRUOC) VALUES ('LTHDT', 'THDC')
INSERT INTO DIEUKIEN (MAMH, MAMH_TRUOC) VALUES ('PTTKHTTT', 'CSDL')

SET DATEFORMAT DMY
INSERT INTO KETQUATHI (MAHV, MAMH, LANTHI, NGTHI, DIEM, KQUA) VALUES ('K1101','CSDL', 1, '20/7/2006', 10.00, 'Dat')
INSERT INTO KETQUATHI (MAHV, MAMH, LANTHI, NGTHI, DIEM, KQUA) VALUES ('K1101', 'CTDLGT', 1,  '28/12/2006', 9.00, 'Dat')
INSERT INTO KETQUATHI (MAHV, MAMH, LANTHI, NGTHI, DIEM, KQUA) VALUES ('K1101', 'THDC', 1, '20/5/2006', 9.00, 'Dat')
INSERT INTO KETQUATHI (MAHV, MAMH, LANTHI, NGTHI, DIEM, KQUA) VALUES ('K1101', 'CTRR', 1, '13/5/2006', 9.00, 'Dat')
INSERT INTO KETQUATHI (MAHV, MAMH, LANTHI, NGTHI, DIEM, KQUA) VALUES ('K1102', 'CSDL', 1, '20/7/2006', 4.00, 'Khong Dat')
INSERT INTO KETQUATHI (MAHV, MAMH, LANTHI, NGTHI, DIEM, KQUA) VALUES ('K1102', 'CSDL', 2, '27/7/2006', 4.25, 'Khong Dat')
INSERT INTO KETQUATHI (MAHV, MAMH, LANTHI, NGTHI, DIEM, KQUA) VALUES ('K1102', 'CSDL', 3, '10/8/2006', 4.50, 'Khong Dat')
INSERT INTO KETQUATHI (MAHV, MAMH, LANTHI, NGTHI, DIEM, KQUA) VALUES ('K1102', 'CTDLGT', 1, '28/12/2006', 4.50, 'Khong Dat')
INSERT INTO KETQUATHI (MAHV, MAMH, LANTHI, NGTHI, DIEM, KQUA) VALUES ('K1102', 'CTDLGT', 2, '5/1/2007', 4.00, 'Khong Dat')
INSERT INTO KETQUATHI (MAHV, MAMH, LANTHI, NGTHI, DIEM, KQUA) VALUES ('K1102', 'CTDLGT', 3, '15/1/2007', 6.00, 'Dat')
INSERT INTO KETQUATHI (MAHV, MAMH, LANTHI, NGTHI, DIEM, KQUA) VALUES ('K1102', 'THDC', 1, '20/5/2006', 5.00, 'Dat')
INSERT INTO KETQUATHI (MAHV, MAMH, LANTHI, NGTHI, DIEM, KQUA) VALUES ('K1102', 'CTRR', 1, '13/5/2006',7.00, 'Dat')
INSERT INTO KETQUATHI (MAHV, MAMH, LANTHI, NGTHI, DIEM, KQUA) VALUES ('K1103', 'CSDL', 1, '20/7/2006', 3.50, 'Khong Dat')
INSERT INTO KETQUATHI (MAHV, MAMH, LANTHI, NGTHI, DIEM, KQUA) VALUES ('K1103', 'CSDL', 2, '27/7/2006', 8.25, 'Dat')
INSERT INTO KETQUATHI (MAHV, MAMH, LANTHI, NGTHI, DIEM, KQUA) VALUES ('K1103', 'CTDLGT', 1, '28/12/2006', 7.00, 'Dat')
INSERT INTO KETQUATHI (MAHV, MAMH, LANTHI, NGTHI, DIEM, KQUA) VALUES ('K1103', 'THDC', 1, '20/5/2006', 8.00, 'Dat')
INSERT INTO KETQUATHI (MAHV, MAMH, LANTHI, NGTHI, DIEM, KQUA) VALUES ('K1103', 'CTRR', 1, '13/5/2006', 6.50, 'Dat')
INSERT INTO KETQUATHI (MAHV, MAMH, LANTHI, NGTHI, DIEM, KQUA) VALUES ('K1104', 'CSDL', 1, '20/7/2006', 3.75, 'Khong Dat')
INSERT INTO KETQUATHI (MAHV, MAMH, LANTHI, NGTHI, DIEM, KQUA) VALUES ('K1104', 'CTDLGT', 1, '28/12/2006', 4.00, 'Khong Dat')
INSERT INTO KETQUATHI (MAHV, MAMH, LANTHI, NGTHI, DIEM, KQUA) VALUES ('K1104', 'CTRR', 1, '20/5/2006', 4.00, 'Khong Dat')
INSERT INTO KETQUATHI (MAHV, MAMH, LANTHI, NGTHI, DIEM, KQUA) VALUES ('K1104', 'THDC', 1, '13/5/2006', 4.00, 'Khong Dat')
INSERT INTO KETQUATHI (MAHV, MAMH, LANTHI, NGTHI, DIEM, KQUA) VALUES ('K1104', 'CTRR', 2, '20/5/2006', 3.50, 'Khong Dat')
INSERT INTO KETQUATHI (MAHV, MAMH, LANTHI, NGTHI, DIEM, KQUA) VALUES ('K1104', 'CTRR', 3, '30/5/2006', 4.00, 'Khong Dat')
INSERT INTO KETQUATHI (MAHV, MAMH, LANTHI, NGTHI, DIEM, KQUA) VALUES ('K1201', 'CSDL', 1, '20/7/2006', 6.00, 'Dat')
INSERT INTO KETQUATHI (MAHV, MAMH, LANTHI, NGTHI, DIEM, KQUA) VALUES ('K1201', 'CTDLGT', 1, '28/12/2006', 5.00, 'Dat')
INSERT INTO KETQUATHI (MAHV, MAMH, LANTHI, NGTHI, DIEM, KQUA) VALUES ('K1201', 'THDC', 1, '20/5/2006', 8.50, 'Dat')
INSERT INTO KETQUATHI (MAHV, MAMH, LANTHI, NGTHI, DIEM, KQUA) VALUES ('K1201', 'CTRR', 1, '13/5/2006', 9.00, 'Dat')
INSERT INTO KETQUATHI (MAHV, MAMH, LANTHI, NGTHI, DIEM, KQUA) VALUES ('K1202', 'CSDL', 1, '20/7/2006', 8.00, 'Dat')
INSERT INTO KETQUATHI (MAHV, MAMH, LANTHI, NGTHI, DIEM, KQUA) VALUES ('K1202', 'CTDLGT', 1, '28/12/2006', 4.00, 'Khong Dat')
INSERT INTO KETQUATHI (MAHV, MAMH, LANTHI, NGTHI, DIEM, KQUA) VALUES ('K1202', 'CTDLGT', 2, '5/1/2007', 5.00, 'Dat')
INSERT INTO KETQUATHI (MAHV, MAMH, LANTHI, NGTHI, DIEM, KQUA) VALUES ('K1202', 'THDC', 1, '20/5/2006', 4.00, 'Khong Dat')
INSERT INTO KETQUATHI (MAHV, MAMH, LANTHI, NGTHI, DIEM, KQUA) VALUES ('K1202', 'THDC', 2, '27/5/2006', 4.00, 'Khong Dat')
INSERT INTO KETQUATHI (MAHV, MAMH, LANTHI, NGTHI, DIEM, KQUA) VALUES ('K1202', 'CTRR', 1, '13/5/2006', 3.00, 'Khong Dat')
INSERT INTO KETQUATHI (MAHV, MAMH, LANTHI, NGTHI, DIEM, KQUA) VALUES ('K1202', 'CTRR', 2, '20/5/2006', 4.00, 'Khong Dat')
INSERT INTO KETQUATHI (MAHV, MAMH, LANTHI, NGTHI, DIEM, KQUA) VALUES ('K1202', 'CTRR', 3, '30/6/2006', 6.25, 'Dat')
INSERT INTO KETQUATHI (MAHV, MAMH, LANTHI, NGTHI, DIEM, KQUA) VALUES ('K1203', 'CSDL', 1, '20/7/2006', 9.25, 'Dat')
INSERT INTO KETQUATHI (MAHV, MAMH, LANTHI, NGTHI, DIEM, KQUA) VALUES ('K1203', 'CTDLGT', 1, '28/12/2006', 9.50, 'Dat')
INSERT INTO KETQUATHI (MAHV, MAMH, LANTHI, NGTHI, DIEM, KQUA) VALUES ('K1203', 'THDC', 1, '20/5/2006', 10.00, 'Dat')
INSERT INTO KETQUATHI (MAHV, MAMH, LANTHI, NGTHI, DIEM, KQUA) VALUES ('K1203', 'CTRR', 1, '13/5/2006', 10.00, 'Dat')
INSERT INTO KETQUATHI (MAHV, MAMH, LANTHI, NGTHI, DIEM, KQUA) VALUES ('K1204', 'CSDL', 1, '20/7/2006', 8.50, 'Dat')
INSERT INTO KETQUATHI (MAHV, MAMH, LANTHI, NGTHI, DIEM, KQUA) VALUES ('K1204', 'CTDLGT', 1, '28/12/2006', 6.75, 'Dat')
INSERT INTO KETQUATHI (MAHV, MAMH, LANTHI, NGTHI, DIEM, KQUA) VALUES ('K1204', 'THDC', 1, '20/5/2006', 4.00, 'Khong Dat')
INSERT INTO KETQUATHI (MAHV, MAMH, LANTHI, NGTHI, DIEM, KQUA) VALUES ('K1204', 'CTRR', 1, '13/5/2006', 6.00, 'Dat')
INSERT INTO KETQUATHI (MAHV, MAMH, LANTHI, NGTHI, DIEM, KQUA) VALUES ('K1301', 'CSDL', 1, '20/12/2006', 4.25, 'Khong Dat')
INSERT INTO KETQUATHI (MAHV, MAMH, LANTHI, NGTHI, DIEM, KQUA) VALUES ('K1301', 'CTDLGT', 1, '25/7/2006', 8.00, 'Dat')
INSERT INTO KETQUATHI (MAHV, MAMH, LANTHI, NGTHI, DIEM, KQUA) VALUES ('K1301', 'THDC', 1, '20/5/2006', 7.75, 'Dat')
INSERT INTO KETQUATHI (MAHV, MAMH, LANTHI, NGTHI, DIEM, KQUA) VALUES ('K1301', 'CTRR', 1, '13/5/2006', 8.00, 'Dat')
INSERT INTO KETQUATHI (MAHV, MAMH, LANTHI, NGTHI, DIEM, KQUA) VALUES ('K1302', 'CSDL', 1, '20/12/2006', 6.75, 'Dat')
INSERT INTO KETQUATHI (MAHV, MAMH, LANTHI, NGTHI, DIEM, KQUA) VALUES ('K1302', 'CTDLGT', 1, '25/7/2006', 5.00, 'Dat')
INSERT INTO KETQUATHI (MAHV, MAMH, LANTHI, NGTHI, DIEM, KQUA) VALUES ('K1302', 'THDC', 1, '20/5/2006', 8.00, 'Dat')
INSERT INTO KETQUATHI (MAHV, MAMH, LANTHI, NGTHI, DIEM, KQUA) VALUES ('K1302', 'CTRR', 1, '13/5/2006', 8.50, 'Dat')
INSERT INTO KETQUATHI (MAHV, MAMH, LANTHI, NGTHI, DIEM, KQUA) VALUES ('K1303', 'CSDL', 1, '20/12/2006', 4.00, 'Khong Dat')
INSERT INTO KETQUATHI (MAHV, MAMH, LANTHI, NGTHI, DIEM, KQUA) VALUES ('K1303', 'CTDLGT', 1, '25/7/2006', 4.50, 'Khong Dat')
INSERT INTO KETQUATHI (MAHV, MAMH, LANTHI, NGTHI, DIEM, KQUA) VALUES ('K1303', 'CTDLGT', 2, '7/8/2006', 4.00, 'Khong Dat')
INSERT INTO KETQUATHI (MAHV, MAMH, LANTHI, NGTHI, DIEM, KQUA) VALUES ('K1303', 'CTDLGT', 3, '15/8/2006', 4.25, 'Khong Dat')
INSERT INTO KETQUATHI (MAHV, MAMH, LANTHI, NGTHI, DIEM, KQUA) VALUES ('K1303', 'THDC', 1, '20/5/2006', 4.50, 'Khong Dat')
INSERT INTO KETQUATHI (MAHV, MAMH, LANTHI, NGTHI, DIEM, KQUA) VALUES ('K1303', 'CTRR', 1, '13/5/2006', 3.25, 'Khong Dat')
INSERT INTO KETQUATHI (MAHV, MAMH, LANTHI, NGTHI, DIEM, KQUA) VALUES ('K1303', 'CTRR', 2, '20/5/2006', 5.00, 'Dat')
INSERT INTO KETQUATHI (MAHV, MAMH, LANTHI, NGTHI, DIEM, KQUA) VALUES ('K1304', 'CSDL', 1, '20/12/2006', 7.75, 'Dat')
INSERT INTO KETQUATHI (MAHV, MAMH, LANTHI, NGTHI, DIEM, KQUA) VALUES ('K1304', 'CTDLGT', 1, '25/7/2006', 9.75, 'Dat')
INSERT INTO KETQUATHI (MAHV, MAMH, LANTHI, NGTHI, DIEM, KQUA) VALUES ('K1304', 'THDC', 1, '20/5/2006', 5.50, 'Dat')
INSERT INTO KETQUATHI (MAHV, MAMH, LANTHI, NGTHI, DIEM, KQUA) VALUES ('K1304', 'CTRR', 1, '13/5/2006', 5.00, 'Dat')
INSERT INTO KETQUATHI (MAHV, MAMH, LANTHI, NGTHI, DIEM, KQUA) VALUES ('K1305', 'CSDL', 1, '20/12/2006', 9.25, 'Dat')
INSERT INTO KETQUATHI (MAHV, MAMH, LANTHI, NGTHI, DIEM, KQUA) VALUES ('K1305', 'CTDLGT', 1, '25/7/2006', 10.00, 'Dat')
INSERT INTO KETQUATHI (MAHV, MAMH, LANTHI, NGTHI, DIEM, KQUA) VALUES ('K1305', 'THDC', 1, '20/5/2006', 8.00, 'Dat')
INSERT INTO KETQUATHI (MAHV, MAMH, LANTHI, NGTHI, DIEM, KQUA) VALUES ('K1305', 'CTRR', 1, '13/5/2006', 10.00, 'Dat')

SET DATEFORMAT DMY
INSERT INTO GIANGDAY(MALOP, MAMH, MAGV, HOCKY, NAM, TUNGAY, DENNGAY) VALUES ('K11', 'THDC', 'GV07', 1, 2006, '2/1/2006', '12/5/2006')
INSERT INTO GIANGDAY(MALOP, MAMH, MAGV, HOCKY, NAM, TUNGAY, DENNGAY) VALUES ('K12', 'THDC', 'GV06', 1, 2006, '2/1/2006', '12/5/2006')
INSERT INTO GIANGDAY(MALOP, MAMH, MAGV, HOCKY, NAM, TUNGAY, DENNGAY) VALUES ('K13', 'THDC', 'GV15', 1, 2006, '2/1/2006', '12/5/2006')
INSERT INTO GIANGDAY(MALOP, MAMH, MAGV, HOCKY, NAM, TUNGAY, DENNGAY) VALUES ('K11', 'CTRR', 'GV02', 1, 2006, '9/1/2006', '17/5/2006')
INSERT INTO GIANGDAY(MALOP, MAMH, MAGV, HOCKY, NAM, TUNGAY, DENNGAY) VALUES ('K12', 'CTRR', 'GV02', 1, 2006, '9/1/2006', '17/5/2006')
INSERT INTO GIANGDAY(MALOP, MAMH, MAGV, HOCKY, NAM, TUNGAY, DENNGAY) VALUES ('K13', 'CTRR', 'GV08', 2, 2006, '9/1/2006', '17/5/2006')
INSERT INTO GIANGDAY(MALOP, MAMH, MAGV, HOCKY, NAM, TUNGAY, DENNGAY) VALUES ('K11', 'CSDL', 'GV05', 2, 2006, '1/6/2006', '15/7/2006')
INSERT INTO GIANGDAY(MALOP, MAMH, MAGV, HOCKY, NAM, TUNGAY, DENNGAY) VALUES ('K12', 'CSDL', 'GV09', 2, 2006, '1/6/2006', '15/7/2006')
INSERT INTO GIANGDAY(MALOP, MAMH, MAGV, HOCKY, NAM, TUNGAY, DENNGAY) VALUES ('K13', 'CTDLGT', 'GV15', 2, 2006, '1/6/2006', '15/7/2006')
INSERT INTO GIANGDAY(MALOP, MAMH, MAGV, HOCKY, NAM, TUNGAY, DENNGAY) VALUES ('K13', 'CSDL', 'GV05', 3, 2006, '1/8/2006', '15/12/2006')
INSERT INTO GIANGDAY(MALOP, MAMH, MAGV, HOCKY, NAM, TUNGAY, DENNGAY) VALUES ('K13', 'DHMT', 'GV07', 3, 2006, '1/8/2006', '15/12/2006')
INSERT INTO GIANGDAY(MALOP, MAMH, MAGV, HOCKY, NAM, TUNGAY, DENNGAY) VALUES ('K11', 'CTDLGT', 'GV15', 3, 2006, '1/8/2006', '15/12/2006')
INSERT INTO GIANGDAY(MALOP, MAMH, MAGV, HOCKY, NAM, TUNGAY, DENNGAY) VALUES ('K12', 'CTDLGT', 'GV15', 3, 2006, '1/8/2006', '15/12/2006')
INSERT INTO GIANGDAY(MALOP, MAMH, MAGV, HOCKY, NAM, TUNGAY, DENNGAY) VALUES ('K11', 'HDH', 'GV04', 1, 2007, '2/1/2007', '18/2/2007')
INSERT INTO GIANGDAY(MALOP, MAMH, MAGV, HOCKY, NAM, TUNGAY, DENNGAY) VALUES ('K12', 'HDH', 'GV04', 1, 2007, '2/1/2007', '20/3/2007')
INSERT INTO GIANGDAY(MALOP, MAMH, MAGV, HOCKY, NAM, TUNGAY, DENNGAY) VALUES ('K11', 'DHMT', 'GV07', 1, 2007, '2/1/2007', '20/3/2007')
